Actor,Film,Year,Votes,Rating
Fred Astaire,Ghost Story,1981,7731,6.3
Fred Astaire,The Purple Taxi,1977,533,6.6
Fred Astaire,The Amazing Dobermans,1976,369,5.3
Fred Astaire,The Towering Inferno,1974,39888,7
Fred Astaire,Midas Run,1969,123,4.8
Fred Astaire,Finian's Rainbow,1968,3377,6.2
Fred Astaire,The Notorious Landlady,1962,1887,6.8
Fred Astaire,The Pleasure of His Company,1961,679,6.9
Fred Astaire,On the Beach,1959,12066,7.2
Fred Astaire,Funny Face,1957,27534,7
Fred Astaire,Silk Stockings,1957,3548,6.9
Fred Astaire,Daddy Long Legs,1955,3507,6.7
Fred Astaire,The Band Wagon,1953,10227,7.5
Fred Astaire,The Belle of New York,1952,844,6.2
Fred Astaire,Royal Wedding,1951,4879,6.7
Fred Astaire,Three Little Words,1950,1600,7
Fred Astaire,Let's Dance,1950,453,6.2
Fred Astaire,The Barkleys of Broadway,1949,2780,7
Fred Astaire,Easter Parade,1948,8848,7.4
Fred Astaire,Blue Skies,1946,1265,6.4
Fred Astaire,Ziegfeld Follies,1945,2908,6.5
Fred Astaire,Yolanda and the Thief,1945,897,6
Fred Astaire,The Sky's the Limit,1943,847,6.4
Fred Astaire,Holiday Inn,1942,13636,7.4
Fred Astaire,You Were Never Lovelier,1942,3321,7.2
Fred Astaire,You'll Never Get Rich,1941,2253,6.8
Fred Astaire,Broadway Melody of 1940,1940,2146,7.4
Fred Astaire,Second Chorus,1940,1377,5.8
Fred Astaire,The Story of Vernon and Irene Castle,1939,2316,6.9
Fred Astaire,Carefree,1938,3455,7
Fred Astaire,Shall We Dance,1937,6603,7.5
Fred Astaire,A Damsel in Distress,1937,1801,6.8
Fred Astaire,Swing Time,1936,12475,7.5
Fred Astaire,Follow the Fleet,1936,3978,7.2
Fred Astaire,Top Hat,1935,17641,7.7
Fred Astaire,Roberta,1935,2948,7.1
Fred Astaire,The Gay Divorcee,1934,7101,7.5
Fred Astaire,Flying Down to Rio,1933,3379,6.6
Fred Astaire,Dancing Lady,1933,2107,6.8
Lauren Bacall,Ernest & Celestine,2012,18793,7.9
Lauren Bacall,The Forger,2012,4472,5.4
Lauren Bacall,All at Sea,2010,110,5.7
Lauren Bacall,The Walker,2007,5256,5.8
Lauren Bacall,Manderlay,2005,22622,7.3
Lauren Bacall,These Foolish Things,2005,358,5.6
Lauren Bacall,Howl's Moving Castle,2004,340480,8.2
Lauren Bacall,Birth,2004,34949,6.1
Lauren Bacall,Dogville,2003,139108,8
Lauren Bacall,Diamonds,1999,1493,5.5
Lauren Bacall,Presence of Mind,1999,540,5.5
Lauren Bacall,Madeline: Lost in Paris,1999,396,6.1
Lauren Bacall,The Venice Project,1999,129,5.7
Lauren Bacall,Le jour et la nuit,1997,1014,1.6
Lauren Bacall,The Mirror Has Two Faces,1996,16564,6.7
Lauren Bacall,My Fellow Americans,1996,14178,6.5
Lauren Bacall,Ready to Wear,1994,14444,5.2
Lauren Bacall,All I Want for Christmas,1991,4564,6
Lauren Bacall,A Star for Two,1991,227,5.5
Lauren Bacall,Misery,1990,186886,7.8
Lauren Bacall,Innocent Victim,1989,103,5.9
Lauren Bacall,Appointment with Death,1988,4058,6.2
Lauren Bacall,Mr. North,1988,1297,5.9
Lauren Bacall,The Fan,1981,2038,5.8
Lauren Bacall,HealtH,1980,693,5.7
Lauren Bacall,The Shootist,1976,22409,7.6
Lauren Bacall,Murder on the Orient Express,1974,56620,7.3
Lauren Bacall,Harper,1966,8352,6.9
Lauren Bacall,Sex and the Single Girl,1964,3676,6.5
Lauren Bacall,Shock Treatment,1964,449,6.7
Lauren Bacall,North West Frontier,1959,2312,7.1
Lauren Bacall,The Gift of Love,1958,408,6.4
Lauren Bacall,Designing Woman,1957,4251,6.8
Lauren Bacall,Written on the Wind,1956,10445,7.4
Lauren Bacall,Blood Alley,1955,2841,6.3
Lauren Bacall,The Cobweb,1955,1539,6.5
Lauren Bacall,Woman's World,1954,900,7
Lauren Bacall,How to Marry a Millionaire,1953,20685,6.9
Lauren Bacall,Young Man with a Horn,1950,3047,7.2
Lauren Bacall,Bright Leaf,1950,1150,6.7
Lauren Bacall,Key Largo,1948,37266,7.8
Lauren Bacall,Dark Passage,1947,17865,7.5
Lauren Bacall,The Big Sleep,1946,79312,7.9
Lauren Bacall,Two Guys from Milwaukee,1946,435,6.4
Lauren Bacall,Confidential Agent,1945,947,6.5
Lauren Bacall,To Have and Have Not,1944,31382,7.8
Brigitte Bardot,Don Juan (Or If Don Juan Were a Woman),1973,894,5.1
Brigitte Bardot,The Edifying and Joyous Story of Colinot,1973,122,4.3
Brigitte Bardot,Frenchie King,1971,1054,5.3
Brigitte Bardot,Rum Runners,1971,469,5.6
Brigitte Bardot,The Bear and the Doll,1970,431,6.4
Brigitte Bardot,Les novices,1970,219,5.1
Brigitte Bardot,Les femmes,1969,351,5.5
Brigitte Bardot,Spirits of the Dead,1968,5787,6.5
Brigitte Bardot,Shalako,1968,2814,5.6
Brigitte Bardot,Two Weeks in September,1967,228,5.4
Brigitte Bardot,Masculin Feminin,1966,12956,7.5
Brigitte Bardot,Viva Maria!,1965,3451,6.4
Brigitte Bardot,Dear Brigitte,1965,1321,6.3
Brigitte Bardot,Agent 38-24-36,1964,317,5.6
Brigitte Bardot,Contempt,1963,29310,7.6
Brigitte Bardot,A Very Private Affair,1962,959,5.6
Brigitte Bardot,Love on a Pillow,1962,507,5.6
Brigitte Bardot,"Please, Not Now!",1961,335,5.7
Brigitte Bardot,Famous Love Affairs,1961,185,5.3
Brigitte Bardot,The Truth,1960,3222,7.6
Brigitte Bardot,Come Dance with Me!,1959,551,6.3
Brigitte Bardot,Babette Goes to War,1959,352,6.1
Brigitte Bardot,Love Is My Profession,1958,1229,6.7
Brigitte Bardot,The Night Heaven Fell,1958,638,5.6
Brigitte Bardot,The Female,1958,215,5.4
Brigitte Bardot,La Parisienne,1957,833,6.3
Brigitte Bardot,...And God Created Woman,1956,7686,6.4
Brigitte Bardot,Helen of Troy,1956,2015,6.2
Brigitte Bardot,Plucking the Daisy,1956,501,6
Brigitte Bardot,Naughty Girl,1956,434,5.9
Brigitte Bardot,Nero's Mistress,1956,303,5.7
Brigitte Bardot,Her Bridal Night,1956,170,5.7
Brigitte Bardot,The Grand Maneuver,1955,883,6.8
Brigitte Bardot,Doctor at Sea,1955,861,5.9
Brigitte Bardot,School for Love,1955,153,5.1
Brigitte Bardot,The Light Across the Street,1955,123,6.1
Brigitte Bardot,Caroline and the Rebels,1955,113,4.4
Brigitte Bardot,Royal Affairs in Versailles,1954,513,6.9
Brigitte Bardot,Act of Love,1953,482,6.6
Brigitte Bardot,Crazy for Love,1952,307,6
Brigitte Bardot,The Girl in the Bikini,1952,295,5.6
John Belushi,Neighbors,1981,7496,5.6
John Belushi,Continental Divide,1981,4659,6.2
John Belushi,The Blues Brothers,1980,184905,7.9
John Belushi,1941,1979,31580,5.8
John Belushi,Old Boyfriends,1979,345,5.7
John Belushi,Animal House,1978,112771,7.5
John Belushi,Goin' South,1978,6650,6.2
John Belushi,Shame of the Jungle,1975,1134,5.1
Ingmar Bergman,Cries & Whispers,1972,30691,8.1
Ingmar Bergman,The Passion of Anna,1969,8665,7.7
Ingmar Bergman,Dreams,1955,2694,7.1
Ingmar Bergman,A Lesson in Love,1954,2969,7
Ingmar Bergman,Waiting Women,1952,2279,7
Ingmar Bergman,To Joy,1950,2554,7.2
Ingmar Bergman,Thirst,1949,2184,6.6
Ingmar Bergman,Music in Darkness,1948,1175,6.5
Ingmar Bergman,A Ship Bound for India,1947,1517,6.5
Ingmar Bergman,Torment,1944,3205,7.3
Ingrid Bergman,Autumn Sonata,1978,28001,8.2
Ingrid Bergman,A Matter of Time,1976,550,5.2
Ingrid Bergman,Murder on the Orient Express,1974,56620,7.3
Ingrid Bergman,From the Mixed-Up Files of Mrs. Basil E. Frankweiler,1973,477,6.3
Ingrid Bergman,A Walk in the Spring Rain,1970,696,6.2
Ingrid Bergman,Cactus Flower,1969,9777,7.2
Ingrid Bergman,Stimulantia,1967,199,5.7
Ingrid Bergman,The Yellow Rolls-Royce,1964,3237,6.4
Ingrid Bergman,The Visit,1964,1519,7.5
Ingrid Bergman,Goodbye Again,1961,2395,7.1
Ingrid Bergman,Indiscreet,1958,8130,6.8
Ingrid Bergman,The Inn of the Sixth Happiness,1958,4584,7.3
Ingrid Bergman,Anastasia,1956,7635,7
Ingrid Bergman,Elena and Her Men,1956,1760,6.3
Ingrid Bergman,Journey to Italy,1954,9238,7.4
Ingrid Bergman,Fear,1954,1208,6.6
Ingrid Bergman,Giovanna d'Arco al rogo,1954,289,5.7
Ingrid Bergman,"We, the Women",1953,381,6.5
Ingrid Bergman,Europe '51,1952,3528,7.5
Ingrid Bergman,"Stromboli, terra di Dio",1950,6065,7.3
Ingrid Bergman,Under Capricorn,1949,6536,6.2
Ingrid Bergman,Joan of Arc,1948,2921,6.4
Ingrid Bergman,Arch of Triumph,1948,1387,6.4
Ingrid Bergman,Notorious,1946,93005,7.9
Ingrid Bergman,Spellbound,1945,43909,7.6
Ingrid Bergman,The Bells of St. Mary's,1945,7258,7.3
Ingrid Bergman,Saratoga Trunk,1945,1223,6.5
Ingrid Bergman,Gaslight,1944,25049,7.8
Ingrid Bergman,For Whom the Bell Tolls,1943,8466,6.9
Ingrid Bergman,Casablanca,1942,527292,8.5
Ingrid Bergman,Dr. Jekyll and Mr. Hyde,1941,8313,6.8
Ingrid Bergman,Rage in Heaven,1941,1044,6.4
Ingrid Bergman,Adam Had Four Sons,1941,831,6.6
Ingrid Bergman,June Night,1940,475,6
Ingrid Bergman,Intermezzo: A Love Story,1939,2320,6.7
Ingrid Bergman,Only One Night,1939,222,5.9
Ingrid Bergman,A Woman's Face,1938,824,6.9
Ingrid Bergman,Dollar,1938,308,5.5
Ingrid Bergman,The Four Companions,1938,129,6
Ingrid Bergman,Intermezzo,1936,1059,6.6
Ingrid Bergman,On the Sunny Side,1936,103,5.4
Ingrid Bergman,Walpurgis Night,1935,317,6
Ingrid Bergman,The Count of the Old Town,1935,267,5.9
Ingrid Bergman,Swedenhielms Family,1935,241,5.6
Humphrey Bogart,The Harder They Fall,1956,7216,7.5
Humphrey Bogart,The Desperate Hours,1955,8898,7.5
Humphrey Bogart,We're No Angels,1955,8504,7.5
Humphrey Bogart,The Left Hand of God,1955,2356,6.5
Humphrey Bogart,Sabrina,1954,60019,7.7
Humphrey Bogart,The Caine Mutiny,1954,24578,7.7
Humphrey Bogart,The Barefoot Contessa,1954,9913,7
Humphrey Bogart,Beat the Devil,1953,8269,6.5
Humphrey Bogart,Battle Circus,1953,1429,6
Humphrey Bogart,Deadline - U.S.A.,1952,3127,7.2
Humphrey Bogart,The African Queen,1951,72094,7.7
Humphrey Bogart,The Enforcer,1951,4474,7.3
Humphrey Bogart,Sirocco,1951,1983,6.3
Humphrey Bogart,In a Lonely Place,1950,27299,8
Humphrey Bogart,Chain Lightning,1950,1036,6
Humphrey Bogart,Knock on Any Door,1949,3079,6.8
Humphrey Bogart,Tokyo Joe,1949,1881,6.3
Humphrey Bogart,The Treasure of the Sierra Madre,1948,115396,8.2
Humphrey Bogart,Key Largo,1948,37266,7.8
Humphrey Bogart,Dark Passage,1947,17865,7.5
Humphrey Bogart,Dead Reckoning,1947,6913,7.1
Humphrey Bogart,The Two Mrs. Carrolls,1947,3667,6.9
Humphrey Bogart,Always Together,1947,189,5.9
Humphrey Bogart,The Big Sleep,1946,79312,7.9
Humphrey Bogart,Never Say Goodbye,1946,902,6.8
Humphrey Bogart,Two Guys from Milwaukee,1946,435,6.4
Humphrey Bogart,Conflict,1945,3306,7.2
Humphrey Bogart,To Have and Have Not,1944,31382,7.8
Humphrey Bogart,Passage to Marseille,1944,4046,6.8
Humphrey Bogart,Sahara,1943,8045,7.5
Humphrey Bogart,Action in the North Atlantic,1943,3604,7
Humphrey Bogart,Thank Your Lucky Stars,1943,1598,7
Humphrey Bogart,Casablanca,1942,527292,8.5
Humphrey Bogart,Across the Pacific,1942,4315,6.9
Humphrey Bogart,All Through the Night,1942,3885,7.1
Humphrey Bogart,The Big Shot,1942,790,6.7
Humphrey Bogart,The Maltese Falcon,1941,149959,8
Humphrey Bogart,High Sierra,1941,15312,7.5
Humphrey Bogart,The Wagons Roll at Night,1941,901,6.3
Humphrey Bogart,They Drive by Night,1940,7248,7.3
Humphrey Bogart,Brother Orchid,1940,2510,7
Humphrey Bogart,Virginia City,1940,2291,6.8
Humphrey Bogart,It All Came True,1940,1099,6.7
Humphrey Bogart,The Roaring Twenties,1939,12946,8
Humphrey Bogart,Dark Victory,1939,10092,7.5
Humphrey Bogart,The Return of Doctor X,1939,2009,5.8
Humphrey Bogart,The Oklahoma Kid,1939,1956,6.4
Humphrey Bogart,Invisible Stripes,1939,1467,6.8
Humphrey Bogart,King of the Underworld,1939,1097,6.4
Humphrey Bogart,You Can't Get Away with Murder,1939,929,6.3
Humphrey Bogart,Angels with Dirty Faces,1938,20001,7.9
Humphrey Bogart,The Amazing Dr. Clitterhouse,1938,2343,7
Humphrey Bogart,Crime School,1938,1033,6.6
Humphrey Bogart,Racket Busters,1938,594,6.1
Humphrey Bogart,Swing Your Lady,1938,407,4.8
Humphrey Bogart,Men Are Such Fools,1938,405,5.4
Humphrey Bogart,Dead End,1937,6670,7.3
Humphrey Bogart,Marked Woman,1937,3589,7.2
Humphrey Bogart,Kid Galahad,1937,3122,7.2
Humphrey Bogart,Black Legion,1937,2878,7
Humphrey Bogart,San Quentin,1937,1789,6.5
Humphrey Bogart,Stand-In,1937,1081,6.8
Humphrey Bogart,The Great O'Malley,1937,607,6.8
Humphrey Bogart,The Petrified Forest,1936,12681,7.5
Humphrey Bogart,Bullets or Ballots,1936,2687,7
Humphrey Bogart,Isle of Fury,1936,565,5.5
Humphrey Bogart,Two Against the World,1936,528,6.1
Humphrey Bogart,China Clipper,1936,495,6.3
Humphrey Bogart,Midnight,1934,807,5.6
Humphrey Bogart,Three on a Match,1932,3439,7.1
Humphrey Bogart,Big City Blues,1932,650,6.1
Humphrey Bogart,Love Affair,1932,402,5.8
Humphrey Bogart,The Bad Sister,1931,1049,6.2
Humphrey Bogart,A Holy Terror,1931,203,5.4
Humphrey Bogart,Up the River,1930,1095,6
Marlon Brando,The Score,2001,122320,6.8
Marlon Brando,Free Money,1998,2786,5.1
Marlon Brando,The Brave,1997,9458,6.3
Marlon Brando,The Island of Dr. Moreau,1996,31308,4.6
Marlon Brando,Don Juan DeMarco,1994,48537,6.7
Marlon Brando,Christopher Columbus: The Discovery,1992,2785,4.5
Marlon Brando,The Freshman,1990,18918,6.4
Marlon Brando,A Dry White Season,1989,5158,7
Marlon Brando,The Formula,1980,2381,5.6
Marlon Brando,Apocalypse Now,1979,612975,8.4
Marlon Brando,Superman,1978,160617,7.3
Marlon Brando,The Missouri Breaks,1976,9796,6.6
Marlon Brando,The Godfather,1972,1642278,9.2
Marlon Brando,Last Tango in Paris,1972,50379,7
Marlon Brando,The Nightcomers,1971,2273,5.9
Marlon Brando,Burn!,1969,4720,7.3
Marlon Brando,The Night of the Following Day,1969,2009,6
Marlon Brando,Candy,1968,2814,5.3
Marlon Brando,Reflections in a Golden Eye,1967,6525,6.8
Marlon Brando,A Countess from Hong Kong,1967,5714,6.1
Marlon Brando,The Chase,1966,10743,7.2
Marlon Brando,The Appaloosa,1966,2932,6.3
Marlon Brando,Morituri,1965,3497,7
Marlon Brando,Bedtime Story,1964,1730,6.8
Marlon Brando,The Ugly American,1963,1920,6.7
Marlon Brando,Mutiny on the Bounty,1962,15091,7.3
Marlon Brando,One-Eyed Jacks,1961,10275,7.1
Marlon Brando,The Fugitive Kind,1960,5646,7.2
Marlon Brando,The Young Lions,1958,7408,7.2
Marlon Brando,Sayonara,1957,6169,7.1
Marlon Brando,The Teahouse of the August Moon,1956,3148,6.7
Marlon Brando,Guys and Dolls,1955,15913,7.1
Marlon Brando,On the Waterfront,1954,143547,8.1
Marlon Brando,Desiree,1954,2713,6.4
Marlon Brando,The Wild One,1953,14788,6.8
Marlon Brando,Julius Caesar,1953,10516,7.3
Marlon Brando,Viva Zapata!,1952,10450,7.4
Marlon Brando,A Streetcar Named Desire,1951,100015,8
Marlon Brando,The Men,1950,4227,7.1
Richard Burton,1984,1984,67222,7.1
Richard Burton,Lovespell,1981,157,5.4
Richard Burton,Circle of Two,1980,521,5.8
Richard Burton,Breakthrough,1979,1083,5.1
Richard Burton,The Wild Geese,1978,11722,6.8
Richard Burton,California Suite,1978,6730,6.2
Richard Burton,The Medusa Touch,1978,5937,7
Richard Burton,Absolution,1978,1345,6.5
Richard Burton,Exorcist II: The Heretic,1977,22215,3.8
Richard Burton,Equus,1977,7532,7.2
Richard Burton,The Klansman,1974,1346,5.2
Richard Burton,The Voyage,1974,499,6
Richard Burton,The Battle of Sutjeska,1973,1468,6.9
Richard Burton,Massacre in Rome,1973,1113,6.5
Richard Burton,The Assassination of Trotsky,1972,1625,5.8
Richard Burton,Bluebeard,1972,1175,5.7
Richard Burton,Hammersmith Is Out,1972,331,5.9
Richard Burton,Raid on Rommel,1971,2083,5.6
Richard Burton,Villain,1971,1401,6.6
Richard Burton,Under Milk Wood,1971,690,6
Richard Burton,Anne of the Thousand Days,1969,6788,7.5
Richard Burton,Staircase,1969,765,5.4
Richard Burton,Laughter in the Dark,1969,158,6.2
Richard Burton,Where Eagles Dare,1968,52363,7.7
Richard Burton,Candy,1968,2814,5.3
Richard Burton,Boom!,1968,1380,5.6
Richard Burton,The Taming of the Shrew,1967,7390,7.2
Richard Burton,The Comedians,1967,1866,6.4
Richard Burton,Doctor Faustus,1967,943,5.6
Richard Burton,Who's Afraid of Virginia Woolf?,1966,69558,8
Richard Burton,The Spy Who Came in from the Cold,1965,15385,7.6
Richard Burton,What's New Pussycat,1965,9596,6.2
Richard Burton,The Sandpiper,1965,2949,6.3
Richard Burton,Zulu,1964,36384,7.7
Richard Burton,Becket,1964,13707,7.8
Richard Burton,The Night of the Iguana,1964,10758,7.6
Richard Burton,Hamlet,1964,409,7.5
Richard Burton,Cleopatra,1963,29829,7
Richard Burton,The V.I.P.s,1963,3431,6.3
Richard Burton,The Longest Day,1962,52446,7.8
Richard Burton,Ice Palace,1960,296,6.3
Richard Burton,The Bramble Bush,1960,173,5.6
Richard Burton,Look Back in Anger,1959,3518,7
Richard Burton,A Midsummer Night's Dream,1959,326,7.2
Richard Burton,Bitter Victory,1957,1870,6.7
Richard Burton,Sea Wife,1957,582,5.7
Richard Burton,Alexander the Great,1956,3359,5.8
Richard Burton,The Rains of Ranchipur,1955,920,5.9
Richard Burton,Prince of Players,1955,365,6.6
Richard Burton,The Robe,1953,9441,6.8
Richard Burton,The Desert Rats,1953,4599,6.7
Richard Burton,My Cousin Rachel,1952,2481,7.1
Richard Burton,Green Grow the Rushes,1951,181,6
Richard Burton,Waterfront Women,1950,284,6.5
Richard Burton,Women of Dolwyn,1949,181,6.5
James Cagney,Ragtime,1981,8854,7.3
James Cagney,Arizona Bushwhackers,1968,261,5
James Cagney,"One, Two, Three",1961,19690,7.9
James Cagney,The Gallant Hours,1960,1419,7.1
James Cagney,Shake Hands with the Devil,1959,1149,7
James Cagney,Never Steal Anything Small,1959,277,6.1
James Cagney,Man of a Thousand Faces,1957,2424,7.2
James Cagney,Tribute to a Bad Man,1956,1336,6.6
James Cagney,These Wilder Years,1956,872,6.8
James Cagney,Mister Roberts,1955,15450,7.7
James Cagney,Love Me or Leave Me,1955,3747,7.1
James Cagney,Run for Cover,1955,1387,6.7
James Cagney,The Seven Little Foys,1955,1374,6.8
James Cagney,A Lion Is in the Streets,1953,582,6.2
James Cagney,What Price Glory,1952,1143,6.3
James Cagney,Starlift,1951,453,5.9
James Cagney,Come Fill the Cup,1951,418,6.9
James Cagney,Kiss Tomorrow Goodbye,1950,1821,7.1
James Cagney,The West Point Story,1950,1176,6.2
James Cagney,White Heat,1949,30091,8.1
James Cagney,The Time of Your Life,1948,1140,6.3
James Cagney,13 Rue Madeleine,1946,2674,6.9
James Cagney,Blood on the Sun,1945,1831,6.1
James Cagney,Johnny Come Lately,1943,569,6.8
James Cagney,Yankee Doodle Dandy,1942,14230,7.7
James Cagney,Captains of the Clouds,1942,1394,6.4
James Cagney,The Strawberry Blonde,1941,3255,7.3
James Cagney,The Bride Came C.O.D.,1941,2988,7
James Cagney,City for Conquest,1940,2186,7.3
James Cagney,The Fighting 69th,1940,1744,6.7
James Cagney,Torrid Zone,1940,1243,6.7
James Cagney,The Roaring Twenties,1939,12946,8
James Cagney,Each Dawn I Die,1939,2989,7.3
James Cagney,The Oklahoma Kid,1939,1956,6.4
James Cagney,Angels with Dirty Faces,1938,20001,7.9
James Cagney,Boy Meets Girl,1938,601,6
James Cagney,Something to Sing About,1937,804,6.3
James Cagney,Great Guy,1936,886,6.3
James Cagney,Ceiling Zero,1936,634,6.8
James Cagney,Mutiny on the Bounty,1935,21026,7.7
James Cagney,G' Men,1935,3580,7.1
James Cagney,A Midsummer Night's Dream,1935,3203,6.9
James Cagney,The Irish in Us,1935,625,6.3
James Cagney,Frisco Kid,1935,504,6.2
James Cagney,Devil Dogs of the Air,1935,333,6
James Cagney,Jimmy the Gent,1934,1590,6.8
James Cagney,Here Comes the Navy,1934,837,6.2
James Cagney,He Was Her Man,1934,584,6.3
James Cagney,The St. Louis Kid,1934,371,6.6
James Cagney,Footlight Parade,1933,4964,7.6
James Cagney,Lady Killer,1933,1566,7
James Cagney,The Mayor of Hell,1933,1470,7
James Cagney,Picture Snatcher,1933,1390,7.1
James Cagney,Hard to Handle,1933,718,6.7
James Cagney,The Crowd Roars,1932,1143,6.2
James Cagney,Winner Take All,1932,477,6.1
James Cagney,The Public Enemy,1931,18128,7.7
James Cagney,Smart Money,1931,1771,6.8
James Cagney,Blonde Crazy,1931,1730,7.1
James Cagney,Taxi!,1931,1172,6.7
James Cagney,Other Men's Women,1931,1113,6.5
James Cagney,The Millionaire,1931,434,7
James Cagney,The Doorway to Hell,1930,1003,6.5
James Cagney,Sinners' Holiday,1930,580,6.3
Gary Cooper,The Naked Edge,1961,1069,6.7
Gary Cooper,The Hanging Tree,1959,3721,7.1
Gary Cooper,The Wreck of the Mary Deare,1959,2327,6.8
Gary Cooper,They Came to Cordura,1959,1930,6.4
Gary Cooper,Alias Jesse James,1959,1232,6.5
Gary Cooper,Man of the West,1958,7052,7.1
Gary Cooper,Ten North Frederick,1958,624,6.8
Gary Cooper,Love in the Afternoon,1957,14171,7.2
Gary Cooper,Friendly Persuasion,1956,6466,7.3
Gary Cooper,The Court-Martial of Billy Mitchell,1955,1817,6.8
Gary Cooper,Vera Cruz,1954,9217,7.1
Gary Cooper,Garden of Evil,1954,3145,6.7
Gary Cooper,Blowing Wild,1953,883,6.4
Gary Cooper,Return to Paradise,1953,555,6.1
Gary Cooper,High Noon,1952,98050,7.9
Gary Cooper,Springfield Rifle,1952,1817,6.7
Gary Cooper,Distant Drums,1951,1801,6.5
Gary Cooper,You're in the Navy Now,1951,609,6.3
Gary Cooper,It's a Big Country: An American Anthology,1951,542,6.1
Gary Cooper,Starlift,1951,453,5.9
Gary Cooper,Dallas,1950,1214,6.3
Gary Cooper,Bright Leaf,1950,1150,6.7
Gary Cooper,The Fountainhead,1949,9537,7.1
Gary Cooper,It's a Great Feeling,1949,1501,6.4
Gary Cooper,Task Force,1949,937,6.6
Gary Cooper,Good Sam,1948,705,6.4
Gary Cooper,Unconquered,1947,2167,7
Gary Cooper,Variety Girl,1947,344,6.4
Gary Cooper,Cloak and Dagger,1946,2576,6.6
Gary Cooper,Along Came Jones,1945,1873,6.5
Gary Cooper,Saratoga Trunk,1945,1223,6.5
Gary Cooper,Casanova Brown,1944,1011,6.3
Gary Cooper,The Story of Dr. Wassell,1944,879,6.7
Gary Cooper,For Whom the Bell Tolls,1943,8466,6.9
Gary Cooper,The Pride of the Yankees,1942,9969,7.7
Gary Cooper,Sergeant York,1941,15505,7.7
Gary Cooper,Meet John Doe,1941,12315,7.6
Gary Cooper,Ball of Fire,1941,11257,7.8
Gary Cooper,The Westerner,1940,5264,7.3
Gary Cooper,North West Mounted Police,1940,1474,6.5
Gary Cooper,Beau Geste,1939,5583,7.6
Gary Cooper,The Real Glory,1939,889,6.6
Gary Cooper,Bluebeard's Eighth Wife,1938,3410,7.3
Gary Cooper,The Cowboy and the Lady,1938,1289,6.6
Gary Cooper,The Adventures of Marco Polo,1938,960,5.6
Gary Cooper,Souls at Sea,1937,685,6.8
Gary Cooper,Mr. Deeds Goes to Town,1936,19914,7.9
Gary Cooper,Desire,1936,2180,7.1
Gary Cooper,The Plainsman,1936,2010,6.9
Gary Cooper,The General Died at Dawn,1936,1074,6.6
Gary Cooper,The Lives of a Bengal Lancer,1935,2657,7.1
Gary Cooper,Peter Ibbetson,1935,1892,7.1
Gary Cooper,The Wedding Night,1935,824,6.7
Gary Cooper,Operator 13,1934,1293,6.1
Gary Cooper,Now and Forever,1934,900,6.6
Gary Cooper,Design for Living,1933,5928,7.5
Gary Cooper,Alice in Wonderland,1933,1948,6.4
Gary Cooper,Today We Live,1933,1041,5.9
Gary Cooper,One Sunday Afternoon,1933,552,6.6
Gary Cooper,A Farewell to Arms,1932,5192,6.5
Gary Cooper,If I Had a Million,1932,1620,7
Gary Cooper,Devil and the Deep,1932,491,6.3
Gary Cooper,Make Me a Star,1932,475,6.4
Gary Cooper,City Streets,1931,1418,7
Gary Cooper,Fighting Caravans,1931,546,5.8
Gary Cooper,I Take This Woman,1931,157,6
Gary Cooper,His Woman,1931,137,5.9
Gary Cooper,Morocco,1930,5796,7.1
Gary Cooper,Paramount on Parade,1930,255,5.8
Gary Cooper,The Texan,1930,138,6.6
Gary Cooper,The Virginian,1929,687,6.8
Gary Cooper,Lilac Time,1928,646,6.1
Gary Cooper,Wings,1927,11628,7.5
Gary Cooper,It,1927,2998,7.3
Gary Cooper,Children of Divorce,1927,225,6.5
Gary Cooper,Nevada,1927,104,6.2
Gary Cooper,The Winning of Barbara Worth,1926,716,7
Gary Cooper,Old Ironsides,1926,195,6.6
Gary Cooper,Ben-Hur: A Tale of the Christ,1925,7140,7.8
Gary Cooper,The Eagle,1925,1793,6.6
Gary Cooper,The Vanishing American,1925,294,6.8
Gary Cooper,Riders of the Purple Sage,1925,179,6.3
Bette Davis,Wicked Stepmother,1989,1680,4.3
Bette Davis,The Whales of August,1987,4313,7.3
Bette Davis,The Watcher in the Woods,1980,5636,6.3
Bette Davis,Death on the Nile,1978,29141,7.3
Bette Davis,Return from Witch Mountain,1978,4583,5.9
Bette Davis,Burnt Offerings,1976,9890,6.5
Bette Davis,The Scopone Game,1972,2067,7.7
Bette Davis,Madame Sin,1972,857,6.2
Bette Davis,Bunny O'Hare,1971,936,6
Bette Davis,Connecting Rooms,1970,585,6.9
Bette Davis,The Anniversary,1968,2266,7
Bette Davis,The Nanny,1965,5504,7.2
Bette Davis,"Hush...Hush, Sweet Charlotte",1964,13047,7.6
Bette Davis,Dead Ringer,1964,4895,7.3
Bette Davis,Where Love Has Gone,1964,1293,6.3
Bette Davis,The Empty Canvas,1963,744,7
Bette Davis,What Ever Happened to Baby Jane?,1962,50676,8.1
Bette Davis,Pocketful of Miracles,1961,6216,7.2
Bette Davis,The Scapegoat,1959,1737,6.9
Bette Davis,John Paul Jones,1959,1050,6.5
Bette Davis,The Catered Affair,1956,2934,7.5
Bette Davis,Storm Center,1956,1239,6.7
Bette Davis,The Virgin Queen,1955,2509,6.8
Bette Davis,The Star,1952,3322,7
Bette Davis,Phone Call from a Stranger,1952,2222,7
Bette Davis,Another Man's Poison,1951,2378,6.9
Bette Davis,Payment on Demand,1951,1427,7.1
Bette Davis,All About Eve,1950,121733,8.2
Bette Davis,Beyond the Forest,1949,2189,7
Bette Davis,June Bride,1948,1630,7
Bette Davis,Winter Meeting,1948,1101,6.5
Bette Davis,A Stolen Life,1946,3197,7.3
Bette Davis,Deception,1946,3165,7.1
Bette Davis,The Corn Is Green,1945,2497,7.5
Bette Davis,Mr. Skeffington,1944,5438,7.7
Bette Davis,Hollywood Canteen,1944,1920,7.1
Bette Davis,Watch on the Rhine,1943,3918,7.3
Bette Davis,Old Acquaintance,1943,3069,7.5
Bette Davis,Thank Your Lucky Stars,1943,1598,7
Bette Davis,"Now, Voyager",1942,15439,7.9
Bette Davis,The Man Who Came to Dinner,1942,6912,7.6
Bette Davis,In This Our Life,1942,4241,7.4
Bette Davis,The Little Foxes,1941,10612,8
Bette Davis,The Great Lie,1941,3410,7.2
Bette Davis,The Bride Came C.O.D.,1941,2988,7
Bette Davis,Shining Victory,1941,572,6.7
Bette Davis,The Letter,1940,11908,7.6
Bette Davis,"All This, and Heaven Too",1940,4382,7.5
Bette Davis,Dark Victory,1939,10092,7.5
Bette Davis,The Private Lives of Elizabeth and Essex,1939,5113,7.1
Bette Davis,The Old Maid,1939,3321,7.6
Bette Davis,Juarez,1939,2019,7
Bette Davis,Jezebel,1938,12180,7.5
Bette Davis,The Sisters,1938,1703,6.9
Bette Davis,Marked Woman,1937,3589,7.2
Bette Davis,Kid Galahad,1937,3122,7.2
Bette Davis,It's Love I'm After,1937,2145,7.5
Bette Davis,That Certain Woman,1937,1284,6.7
Bette Davis,The Petrified Forest,1936,12681,7.5
Bette Davis,Satan Met a Lady,1936,1918,6
Bette Davis,The Golden Arrow,1936,920,6.4
Bette Davis,Dangerous,1935,2837,6.9
Bette Davis,Bordertown,1935,1515,6.9
Bette Davis,Front Page Woman,1935,1348,6.7
Bette Davis,The Girl from 10th Avenue,1935,1146,6.8
Bette Davis,Special Agent,1935,838,6.7
Bette Davis,Of Human Bondage,1934,6532,7.1
Bette Davis,Jimmy the Gent,1934,1590,6.8
Bette Davis,Fog Over Frisco,1934,1432,6.7
Bette Davis,Fashions of 1934,1934,1372,6.8
Bette Davis,Housewife,1934,867,6.3
Bette Davis,The Big Shakedown,1934,827,6.4
Bette Davis,Ex-Lady,1933,1236,6.5
Bette Davis,Bureau of Missing Persons,1933,1106,6.7
Bette Davis,The Working Man,1933,952,7.4
Bette Davis,Parachute Jumper,1933,922,6.6
Bette Davis,Three on a Match,1932,3439,7.1
Bette Davis,"20,000 Years in Sing Sing",1932,2424,6.9
Bette Davis,The Cabin in the Cotton,1932,1456,6.8
Bette Davis,So Big!,1932,1402,6.9
Bette Davis,Hell's House,1932,1096,6
Bette Davis,The Dark Horse,1932,1049,7
Bette Davis,The Man Who Played God,1932,934,7.1
Bette Davis,The Rich Are Always with Us,1932,912,6.5
Bette Davis,The Menace,1932,448,6.9
Bette Davis,Waterloo Bridge,1931,2455,7.5
Bette Davis,The Bad Sister,1931,1049,6.2
Bette Davis,Way Back Home,1931,650,6.1
Bette Davis,Seed,1931,423,7.1
Doris Day,With Six You Get Eggroll,1968,2502,6.5
Doris Day,Where Were You When the Lights Went Out?,1968,807,6
Doris Day,Caprice,1967,1227,5.6
Doris Day,The Ballad of Josie,1967,860,5.8
Doris Day,The Glass Bottom Boat,1966,4342,6.5
Doris Day,Do Not Disturb,1965,1510,6
Doris Day,Send Me No Flowers,1964,6127,7
Doris Day,"Move Over, Darling",1963,5387,7
Doris Day,The Thrill of It All,1963,4939,7
Doris Day,That Touch of Mink,1962,8883,6.7
Doris Day,Billy Rose's Jumbo,1962,1367,6.2
Doris Day,Lover Come Back,1961,7238,7.2
Doris Day,Midnight Lace,1960,4753,6.8
Doris Day,Please Don't Eat the Daisies,1960,4119,6.5
Doris Day,Pillow Talk,1959,15831,7.4
Doris Day,It Happened to Jane,1959,2448,6.6
Doris Day,Teacher's Pet,1958,4144,7.1
Doris Day,The Tunnel of Love,1958,1157,6
Doris Day,The Pajama Game,1957,3183,6.7
Doris Day,The Man Who Knew Too Much,1956,59275,7.4
Doris Day,Julie,1956,1524,6.2
Doris Day,Love Me or Leave Me,1955,3747,7.1
Doris Day,Young at Heart,1954,2252,6.8
Doris Day,Lucky Me,1954,680,6.1
Doris Day,Calamity Jane,1953,8812,7.3
Doris Day,Crime Wave,1953,3400,7.3
Doris Day,By the Light of the Silvery Moon,1953,1987,7.1
Doris Day,April in Paris,1952,1172,6.1
Doris Day,The Winning Team,1952,869,6.5
Doris Day,On Moonlight Bay,1951,2403,7.1
Doris Day,Storm Warning,1951,1667,7.1
Doris Day,Lullaby of Broadway,1951,1005,6.8
Doris Day,I'll See You in My Dreams,1951,954,6.8
Doris Day,Starlift,1951,453,5.9
Doris Day,Young Man with a Horn,1950,3047,7.2
Doris Day,Tea for Two,1950,1723,6.5
Doris Day,The West Point Story,1950,1176,6.2
Doris Day,It's a Great Feeling,1949,1501,6.4
Doris Day,My Dream Is Yours,1949,1237,6.6
Doris Day,Romance on the High Seas,1948,2020,7
Olivia de Havilland,The Fifth Musketeer,1979,657,5.3
Olivia de Havilland,The Swarm,1978,7002,4.5
Olivia de Havilland,Airport '77,1977,9769,5.8
Olivia de Havilland,Pope Joan,1972,328,5.5
Olivia de Havilland,The Adventurers,1970,656,5.5
Olivia de Havilland,"Hush...Hush, Sweet Charlotte",1964,13047,7.6
Olivia de Havilland,Lady in a Cage,1964,3003,6.8
Olivia de Havilland,Light in the Piazza,1962,1515,6.9
Olivia de Havilland,Libel,1959,1135,7.1
Olivia de Havilland,The Proud Rebel,1958,1455,6.8
Olivia de Havilland,The Ambassador's Daughter,1956,598,6
Olivia de Havilland,Not as a Stranger,1955,1706,6.7
Olivia de Havilland,That Lady,1955,140,5.6
Olivia de Havilland,My Cousin Rachel,1952,2481,7.1
Olivia de Havilland,The Heiress,1949,14122,8.1
Olivia de Havilland,The Snake Pit,1948,6944,7.6
Olivia de Havilland,The Dark Mirror,1946,4440,7.1
Olivia de Havilland,To Each His Own,1946,2415,7.7
Olivia de Havilland,Devotion,1946,813,6.6
Olivia de Havilland,The Well Groomed Bride,1946,118,5.7
Olivia de Havilland,Thank Your Lucky Stars,1943,1598,7
Olivia de Havilland,Princess O'Rourke,1943,1155,6.8
Olivia de Havilland,Government Girl,1943,519,5.7
Olivia de Havilland,In This Our Life,1942,4241,7.4
Olivia de Havilland,The Male Animal,1942,1172,6.6
Olivia de Havilland,They Died with Their Boots On,1941,5818,7.2
Olivia de Havilland,The Strawberry Blonde,1941,3255,7.3
Olivia de Havilland,Hold Back the Dawn,1941,2037,7.4
Olivia de Havilland,Santa Fe Trail,1940,3367,6.3
Olivia de Havilland,My Love Came Back,1940,442,6.3
Olivia de Havilland,Gone with the Wind,1939,292744,8.1
Olivia de Havilland,The Private Lives of Elizabeth and Essex,1939,5113,7.1
Olivia de Havilland,Dodge City,1939,4731,7.1
Olivia de Havilland,Raffles,1939,833,6.3
Olivia de Havilland,Wings of the Navy,1939,291,6
Olivia de Havilland,The Adventures of Robin Hood,1938,47491,7.9
Olivia de Havilland,Four's a Crowd,1938,1044,6.5
Olivia de Havilland,Hard to Get,1938,572,6.7
Olivia de Havilland,Gold Is Where You Find It,1938,472,6.1
Olivia de Havilland,It's Love I'm After,1937,2145,7.5
Olivia de Havilland,The Great Garrick,1937,601,6.8
Olivia de Havilland,Call It a Day,1937,269,5.9
Olivia de Havilland,The Charge of the Light Brigade,1936,4536,7.1
Olivia de Havilland,Anthony Adverse,1936,1617,6.3
Olivia de Havilland,Captain Blood,1935,13163,7.7
Olivia de Havilland,A Midsummer Night's Dream,1935,3203,6.9
Olivia de Havilland,The Irish in Us,1935,625,6.3
Olivia de Havilland,Alibi Ike,1935,617,6.1
James Dean,Giant,1956,34495,7.6
James Dean,Rebel Without a Cause,1955,84276,7.7
James Dean,East of Eden,1955,40849,7.9
James Dean,Trouble Along the Way,1953,1670,6.8
James Dean,Has Anybody Seen My Gal,1952,1336,7.1
James Dean,Sailor Beware,1952,1118,6.4
James Dean,Fixed Bayonets!,1951,1730,6.9
Marlene Dietrich,Just a Gigolo,1978,763,5.7
Marlene Dietrich,Paris When It Sizzles,1964,7934,6.4
Marlene Dietrich,Judgment at Nuremberg,1961,70359,8.2
Marlene Dietrich,Touch of Evil,1958,99009,8
Marlene Dietrich,Witness for the Prosecution,1957,110609,8.4
Marlene Dietrich,Around the World in 80 Days,1956,25046,6.8
Marlene Dietrich,The Montecarlo Story,1956,349,5.8
Marlene Dietrich,Rancho Notorious,1952,4069,7
Marlene Dietrich,No Highway in the Sky,1951,3339,7.2
Marlene Dietrich,Stage Fright,1950,12918,7.1
Marlene Dietrich,Jigsaw,1949,727,5.7
Marlene Dietrich,A Foreign Affair,1948,6946,7.3
Marlene Dietrich,Golden Earrings,1947,1022,6.7
Marlene Dietrich,The Room Upstairs,1946,319,6.4
Marlene Dietrich,Kismet,1944,1036,6.2
Marlene Dietrich,Follow the Boys,1944,401,5.8
Marlene Dietrich,The Spoilers,1942,2508,6.7
Marlene Dietrich,Pittsburgh,1942,1089,6.6
Marlene Dietrich,The Lady Is Willing,1942,596,6.4
Marlene Dietrich,Manpower,1941,1297,6.7
Marlene Dietrich,The Flame of New Orleans,1941,1030,6.5
Marlene Dietrich,Seven Sinners,1940,1232,6.7
Marlene Dietrich,Destry Rides Again,1939,10411,7.7
Marlene Dietrich,Angel,1937,2347,7.3
Marlene Dietrich,Knight Without Armor,1937,1199,6.8
Marlene Dietrich,Desire,1936,2180,7.1
Marlene Dietrich,The Garden of Allah,1936,1375,5.9
Marlene Dietrich,The Devil Is a Woman,1935,3128,7
Marlene Dietrich,The Scarlet Empress,1934,5913,7.6
Marlene Dietrich,The Song of Songs,1933,647,6.8
Marlene Dietrich,Shanghai Express,1932,7831,7.3
Marlene Dietrich,Blonde Venus,1932,4498,7.1
Marlene Dietrich,Dishonored,1931,2226,7.3
Marlene Dietrich,The Blue Angel,1930,13835,7.7
Marlene Dietrich,Morocco,1930,5796,7.1
Marlene Dietrich,Three Loves,1929,216,6.7
Marlene Dietrich,I Kiss Your Hand Madame,1929,123,6.1
Marlene Dietrich,Cafe Electric,1927,115,6.3
Kirk Douglas,Illusion,2004,396,7
Kirk Douglas,It Runs in the Family,2003,4653,5.6
Kirk Douglas,Diamonds,1999,1493,5.5
Kirk Douglas,Greedy,1994,12969,6.4
Kirk Douglas,Oscar,1991,30066,6.6
Kirk Douglas,Tough Guys,1986,6655,6.3
Kirk Douglas,Eddie Macon's Run,1983,1036,5.7
Kirk Douglas,The Man from Snowy River,1982,8106,7.3
Kirk Douglas,The Final Countdown,1980,21635,6.7
Kirk Douglas,Saturn 3,1980,8514,5.2
Kirk Douglas,The Villain,1979,6619,5.4
Kirk Douglas,Home Movies,1979,769,5.2
Kirk Douglas,The Fury,1978,13811,6.4
Kirk Douglas,Holocaust 2000,1977,1133,5.5
Kirk Douglas,Posse,1975,1908,6.5
Kirk Douglas,Once Is Not Enough,1975,643,4.5
Kirk Douglas,Scalawag,1973,301,5.1
Kirk Douglas,The Master Touch,1972,553,6.1
Kirk Douglas,The Light at the Edge of the World,1971,1333,6.1
Kirk Douglas,A Gunfight,1971,1163,6.4
Kirk Douglas,Catch Me a Spy,1971,284,5.3
Kirk Douglas,There Was a Crooked Man...,1970,4138,7
Kirk Douglas,The Arrangement,1969,2653,6.5
Kirk Douglas,The Brotherhood,1968,812,6.1
Kirk Douglas,A Lovely Way to Die,1968,407,5.1
Kirk Douglas,The War Wagon,1967,8878,6.9
Kirk Douglas,The Way West,1967,2527,6.2
Kirk Douglas,Is Paris Burning?,1966,4174,6.9
Kirk Douglas,Cast a Giant Shadow,1966,2903,6.4
Kirk Douglas,In Harm's Way,1965,8095,7.3
Kirk Douglas,The Heroes of Telemark,1965,6627,6.5
Kirk Douglas,Seven Days in May,1964,13100,7.8
Kirk Douglas,The List of Adrian Messenger,1963,4928,6.9
Kirk Douglas,The Hook,1963,565,6.5
Kirk Douglas,For Love or Money,1963,429,6.2
Kirk Douglas,Lonely Are the Brave,1962,8197,7.6
Kirk Douglas,Two Weeks in Another Town,1962,2198,6.5
Kirk Douglas,The Last Sunset,1961,2831,6.8
Kirk Douglas,Town Without Pity,1961,1655,7.2
Kirk Douglas,Spartacus,1960,125335,7.9
Kirk Douglas,Strangers When We Meet,1960,2039,7.1
Kirk Douglas,Operation Petticoat,1959,13008,7.3
Kirk Douglas,Last Train from Gun Hill,1959,6699,7.4
Kirk Douglas,The Devil's Disciple,1959,2113,7.2
Kirk Douglas,The Vikings,1958,13141,7.1
Kirk Douglas,Paths of Glory,1957,180555,8.4
Kirk Douglas,Gunfight at the O.K. Corral,1957,14284,7.2
Kirk Douglas,Top Secret Affair,1957,477,6.2
Kirk Douglas,Lust for Life,1956,10760,7.4
Kirk Douglas,Man Without a Star,1955,3065,6.9
Kirk Douglas,The Indian Fighter,1955,2240,6.4
Kirk Douglas,The Racers,1955,340,5.4
Kirk Douglas,"20,000 Leagues Under the Sea",1954,29802,7.2
Kirk Douglas,Ulysses,1954,3607,6.7
Kirk Douglas,The Story of Three Loves,1953,1127,6.9
Kirk Douglas,The Juggler,1953,546,6.6
Kirk Douglas,Act of Love,1953,482,6.6
Kirk Douglas,The Bad and the Beautiful,1952,13522,7.8
Kirk Douglas,The Big Sky,1952,3941,7
Kirk Douglas,The Big Trees,1952,1486,5.7
Kirk Douglas,Ace in the Hole,1951,32022,8.1
Kirk Douglas,Detective Story,1951,7413,7.6
Kirk Douglas,Along the Great Divide,1951,1766,6.9
Kirk Douglas,Young Man with a Horn,1950,3047,7.2
Kirk Douglas,The Glass Menagerie,1950,1025,7.1
Kirk Douglas,A Letter to Three Wives,1949,8598,7.7
Kirk Douglas,Champion,1949,3758,7.4
Kirk Douglas,My Dear Secretary,1948,930,5.7
Kirk Douglas,The Walls of Jericho,1948,275,7
Kirk Douglas,Out of the Past,1947,33256,8
Kirk Douglas,I Walk Alone,1947,2474,7
Kirk Douglas,Mourning Becomes Electra,1947,1011,6.5
Kirk Douglas,The Strange Love of Martha Ivers,1946,8571,7.4
Federico Fellini,Intervista,1987,2486,7
Federico Fellini,Roma,1972,11831,7.4
Federico Fellini,L'amore,1948,1454,6.9
Henry Fonda,On Golden Pond,1981,27949,7.6
Henry Fonda,Meteor,1979,6714,5
Henry Fonda,Wanda Nevada,1979,1177,5.6
Henry Fonda,City on Fire,1979,1037,4.2
Henry Fonda,The Swarm,1978,7002,4.5
Henry Fonda,Fedora,1978,4097,6.9
Henry Fonda,The Biggest Battle,1978,436,4.9
Henry Fonda,Rollercoaster,1977,5749,6.3
Henry Fonda,Tentacles,1977,3239,3.7
Henry Fonda,The Last of the Cowboys,1977,430,5.1
Henry Fonda,Midway,1976,18051,6.8
Henry Fonda,The Last 4 Days,1974,661,6.6
Henry Fonda,My Name Is Nobody,1973,23622,7.5
Henry Fonda,The Serpent,1973,963,6.2
Henry Fonda,Ash Wednesday,1973,570,5.3
Henry Fonda,Sometimes a Great Notion,1971,3577,7
Henry Fonda,There Was a Crooked Man...,1970,4138,7
Henry Fonda,The Cheyenne Social Club,1970,4085,6.9
Henry Fonda,Too Late the Hero,1970,3302,6.7
Henry Fonda,Once Upon a Time in the West,1968,305818,8.5
Henry Fonda,The Boston Strangler,1968,8518,7.1
Henry Fonda,"Yours, Mine and Ours",1968,7769,7.2
Henry Fonda,Madigan,1968,3349,6.5
Henry Fonda,Firecreek,1968,3211,6.9
Henry Fonda,Welcome to Hard Times,1967,1432,5.9
Henry Fonda,A Big Hand for the Little Lady,1966,3921,7.3
Henry Fonda,Battle of the Bulge,1965,15043,6.8
Henry Fonda,In Harm's Way,1965,8095,7.3
Henry Fonda,The Rounders,1965,1537,6.2
Henry Fonda,The Secret Agents,1965,186,5.7
Henry Fonda,Fail-Safe,1964,20125,8
Henry Fonda,Sex and the Single Girl,1964,3676,6.5
Henry Fonda,The Best Man,1964,3131,7.6
Henry Fonda,Spencer's Mountain,1963,2504,7.1
Henry Fonda,The Longest Day,1962,52446,7.8
Henry Fonda,How the West Was Won,1962,18904,7.1
Henry Fonda,Advise & Consent,1962,6600,7.7
Henry Fonda,Warlock,1959,5557,7.2
Henry Fonda,The Man Who Understood Women,1959,175,4.4
Henry Fonda,Stage Struck,1958,623,6
Henry Fonda,12 Angry Men,1957,699843,9
Henry Fonda,The Tin Star,1957,5169,7.3
Henry Fonda,The Wrong Man,1956,26018,7.4
Henry Fonda,War and Peace,1956,9210,6.8
Henry Fonda,Mister Roberts,1955,15450,7.7
Henry Fonda,Jigsaw,1949,727,5.7
Henry Fonda,Fort Apache,1948,16577,7.5
Henry Fonda,On Our Merry Way,1948,584,5.8
Henry Fonda,The Fugitive,1947,2152,6.3
Henry Fonda,Daisy Kenyon,1947,2129,6.8
Henry Fonda,The Long Night,1947,1439,6.6
Henry Fonda,My Darling Clementine,1946,21750,7.8
Henry Fonda,Immortal Sergeant,1943,786,6.7
Henry Fonda,The Ox-Bow Incident,1942,21053,8
Henry Fonda,Tales of Manhattan,1942,2028,7.3
Henry Fonda,The Male Animal,1942,1172,6.6
Henry Fonda,The Big Street,1942,1136,6.5
Henry Fonda,Rings on Her Fingers,1942,713,6.7
Henry Fonda,The Magnificent Dope,1942,361,6.9
Henry Fonda,The Lady Eve,1941,19450,7.8
Henry Fonda,You Belong to Me,1941,617,6
Henry Fonda,The Grapes of Wrath,1940,86103,8
Henry Fonda,The Return of Frank James,1940,2932,6.6
Henry Fonda,Lillian Russell,1940,399,6.6
Henry Fonda,Chad Hanna,1940,258,6.3
Henry Fonda,Young Mr. Lincoln,1939,7540,7.6
Henry Fonda,Drums Along the Mohawk,1939,5697,7.1
Henry Fonda,Jesse James,1939,4039,7
Henry Fonda,The Story of Alexander Graham Bell,1939,990,6.9
Henry Fonda,Let Us Live,1939,478,6.8
Henry Fonda,Jezebel,1938,12180,7.5
Henry Fonda,The Mad Miss Manton,1938,2111,6.8
Henry Fonda,Blockade,1938,448,5.6
Henry Fonda,Spawn of the North,1938,406,6.8
Henry Fonda,I Met My Love Again,1938,258,5.5
Henry Fonda,You Only Live Once,1937,5999,7.3
Henry Fonda,That Certain Woman,1937,1284,6.7
Henry Fonda,Slim,1937,364,6.3
Henry Fonda,Wings of the Morning,1937,238,5.8
Henry Fonda,The Trail of the Lonesome Pine,1936,1065,6.8
Henry Fonda,The Moon's Our Home,1936,239,6.7
Henry Fonda,I Dream Too Much,1935,438,5.4
Henry Fonda,The Farmer Takes a Wife,1935,337,6.5
Henry Fonda,Way Down East,1935,168,6
Joan Fontaine,The Witches,1966,2517,5.8
Joan Fontaine,Tender Is the Night,1962,657,6
Joan Fontaine,Voyage to the Bottom of the Sea,1961,5494,6.1
Joan Fontaine,A Certain Smile,1958,250,5.9
Joan Fontaine,Until They Sail,1957,1212,6.5
Joan Fontaine,Island in the Sun,1957,1067,6
Joan Fontaine,Beyond a Reasonable Doubt,1956,4821,7
Joan Fontaine,Serenade,1956,463,5.8
Joan Fontaine,Casanova's Big Night,1954,940,6.8
Joan Fontaine,The Bigamist,1953,3306,6.8
Joan Fontaine,Flight to Tangier,1953,268,5.5
Joan Fontaine,Decameron Nights,1953,249,5.4
Joan Fontaine,Ivanhoe,1952,8202,6.8
Joan Fontaine,Something to Live For,1952,295,6.5
Joan Fontaine,Othello,1951,7785,7.6
Joan Fontaine,"Darling, How Could You!",1951,192,6.2
Joan Fontaine,Born to Be Bad,1950,2023,6.7
Joan Fontaine,September Affair,1950,722,6.8
Joan Fontaine,Letter from an Unknown Woman,1948,11159,8
Joan Fontaine,The Emperor Waltz,1948,1480,6.1
Joan Fontaine,Kiss the Blood Off My Hands,1948,1085,6.8
Joan Fontaine,You Gotta Stay Happy,1948,719,6.9
Joan Fontaine,Ivy,1947,772,7.1
Joan Fontaine,From This Day Forward,1946,378,6.4
Joan Fontaine,The Affairs of Susan,1945,302,6.6
Joan Fontaine,Frenchman's Creek,1944,657,6.2
Joan Fontaine,Jane Eyre,1943,7992,7.5
Joan Fontaine,The Constant Nymph,1943,1212,6.8
Joan Fontaine,This Above All,1942,1074,6.8
Joan Fontaine,Suspicion,1941,33290,7.4
Joan Fontaine,Rebecca,1940,125343,8.1
Joan Fontaine,The Women,1939,12695,7.8
Joan Fontaine,Gunga Din,1939,11066,7.3
Joan Fontaine,Man of Conquest,1939,132,6.2
Joan Fontaine,Maid's Night Out,1938,369,6
Joan Fontaine,Blond Cheat,1938,216,5.9
Joan Fontaine,Sky Giant,1938,152,6
Joan Fontaine,The Duke of West Point,1938,144,6.3
Joan Fontaine,A Damsel in Distress,1937,1801,6.8
Joan Fontaine,Quality Street,1937,1051,6.3
Joan Fontaine,The Man Who Found Himself,1937,242,6.1
Joan Fontaine,You Can't Beat Love,1937,203,5.9
Joan Fontaine,Music for Madame,1937,147,5.8
Joan Fontaine,No More Ladies,1935,716,6
Clark Gable,The Misfits,1961,17488,7.2
Clark Gable,It Started in Naples,1960,2466,6.4
Clark Gable,But Not for Me,1959,467,6.3
Clark Gable,Run Silent Run Deep,1958,10417,7.3
Clark Gable,Teacher's Pet,1958,4144,7.1
Clark Gable,Band of Angels,1957,2112,6.6
Clark Gable,The King and Four Queens,1956,1410,6.1
Clark Gable,The Tall Men,1955,2255,6.7
Clark Gable,Soldier of Fortune,1955,1266,6.2
Clark Gable,Betrayed,1954,1102,6.1
Clark Gable,Mogambo,1953,7584,6.7
Clark Gable,Never Let Me Go,1953,718,6.2
Clark Gable,Lone Star,1952,872,6.1
Clark Gable,Across the Wide Missouri,1951,1845,6.2
Clark Gable,Callaway Went Thataway,1951,603,6.5
Clark Gable,To Please a Lady,1950,819,6.2
Clark Gable,Key to the City,1950,720,6.4
Clark Gable,Any Number Can Play,1949,783,6.9
Clark Gable,Command Decision,1948,1888,7.3
Clark Gable,Homecoming,1948,851,6.8
Clark Gable,The Hucksters,1947,1438,6.7
Clark Gable,Adventure,1945,942,6.2
Clark Gable,Somewhere I'll Find You,1942,737,6.1
Clark Gable,Honky Tonk,1941,999,6.6
Clark Gable,They Met in Bombay,1941,963,6.6
Clark Gable,Boom Town,1940,3138,7.1
Clark Gable,Strange Cargo,1940,2328,6.9
Clark Gable,Comrade X,1940,1386,6.6
Clark Gable,Gone with the Wind,1939,292744,8.1
Clark Gable,Idiot's Delight,1939,1345,6.5
Clark Gable,Test Pilot,1938,2189,6.9
Clark Gable,Too Hot to Handle,1938,1366,6.7
Clark Gable,Saratoga,1937,1573,6.5
Clark Gable,Parnell,1937,465,5.4
Clark Gable,San Francisco,1936,4968,7.2
Clark Gable,Wife vs. Secretary,1936,3109,7.1
Clark Gable,Cain and Mabel,1936,1771,6.5
Clark Gable,Love on the Run,1936,1018,6
Clark Gable,Mutiny on the Bounty,1935,21026,7.7
Clark Gable,China Seas,1935,2279,6.9
Clark Gable,Call of the Wild,1935,1889,6.8
Clark Gable,After Office Hours,1935,727,6.4
Clark Gable,It Happened One Night,1934,95109,8.1
Clark Gable,Manhattan Melodrama,1934,3676,7.2
Clark Gable,Forsaking All Others,1934,1137,6.4
Clark Gable,Chained,1934,805,6.2
Clark Gable,Men in White,1934,608,6.4
Clark Gable,Dancing Lady,1933,2107,6.8
Clark Gable,Hold Your Man,1933,1381,6.9
Clark Gable,Night Flight,1933,799,6.2
Clark Gable,The White Sister,1933,357,5.9
Clark Gable,Red Dust,1932,3867,7.3
Clark Gable,No Man of Her Own,1932,1072,6.6
Clark Gable,Polly of the Circus,1932,1059,6.2
Clark Gable,Strange Interlude,1932,674,5.7
Clark Gable,Night Nurse,1931,3422,7
Clark Gable,A Free Soul,1931,2302,6.7
Clark Gable,Possessed,1931,1810,6.9
Clark Gable,Susan Lenox <Her Fall and Rise,1931,1097,6.4
Clark Gable,"Dance, Fools, Dance",1931,824,6.2
Clark Gable,The Secret 6,1931,796,6.3
Clark Gable,The Painted Desert,1931,606,5.1
Clark Gable,Laughing Sinners,1931,589,5.4
Clark Gable,Hell Divers,1931,514,6.3
Clark Gable,The Easiest Way,1931,455,6.1
Clark Gable,The Finger Points,1931,402,5.9
Clark Gable,Sporting Blood,1931,301,6.1
Clark Gable,Ben-Hur: A Tale of the Christ,1925,7140,7.8
Clark Gable,The Merry Widow,1925,2153,7.3
Clark Gable,The Plastic Age,1925,281,6
Clark Gable,Forbidden Paradise,1924,127,6.
Alice Krige,Chariots of Fire,1981,55463,7.2
Alice Krige,Ghost Story,1981,7731,6.3
